{
  "default": 5.625,
  "wip": 6.280446453951299,
  "training_map": 13.097543700947426,
  "slalom_map": 21.003515137941577
}