{
  "default": 47.25721687404439,
  "wip": 6.280446453951299
}