{
  "default": 5.625,
  "wip": 6.280446453951299,
  "training_map": 18.902759930002503
}