{
  "accurate_map": 5000.0,
  "escape_black_hole": 5000.0,
  "final_map": 5000.0,
  "random_map": 14.358999999705702,
  "slalom_map": 5000.0,
  "speedy_map": 5000.0,
  "tutorial_map": 18.936999999918044,
  "wip": 5000.0
}